use aero_sys;

insert into Member(memberID,memberName) 
values(0,'普通会员'),(1,'黄金会员'),(2,'白金会员');
insert into Account(account,password,`right`) 
values
('admin01','888',1),
('admin02','888',1),
('13225079670','123456',0),
('13515070051','123456',0);

insert into Admin(account,password,`right`,adminName,adminIDCard) 
values('admin01','888',1,'管理员01','1999-01-01'),
('admin02','888',1,'管理员02','1999-01-01');

insert into Customer(account,memberID,password,`right`,userName,birthdate,userIDCard,userTel,email,point,userSex)
values
('13515070051',1,'123456',0,'用户1','1999-01-01','360428199901010101','13515070051','888888@qq.com',30000,1),
('13225079670',2,'123456',0,'用户2','1999-01-01','360428199901010102','13225079670','888888@163.com',30000,1);

insert into Flight(flightID,preDepartTime,preTotalTime,flightType,totalSeatNum,departCity,arriveCity,insurancePrice)
values
('MF1235','19:40','3:30:00','波音747',200,'北京市','上海市',35),
('MF2310','8:40','2:10:00','波音747',200,'北京市','上海市',35),
('MF2332','17:10','3:30:00','空客A300',260,'广州市','南京市',40),
('MF3456','9:10','2:30:00','空客A300',260,'深圳市','北京市',40),
('MF3461','19:40','3:25:00','波音747',200,'南京市','上海市',25),

('MF3780','7:30','2:40:00','波音737',120,'北京市','杭州市',20),
('MF4258','17:10','1:50:00','空客A300',260,'北京市','重庆市',25),
('MF4862','12:32','5:30:00','空客A321',200,'杭州市','天津市',30),
('MF6115','19:40','4:20:00','波音747',200,'杭州市','青岛市',30),
('MF7132','19:32','2:10:00','空客A321',200,'苏州市','天津市',25),
('MF7520','5:40','3:10:00','波音747',200,'上海市','武汉市',20),
('MF7843','7:35','6:30:00','空客A321',150,'杭州市','重庆市',30),
('MF8778','12:35','3:30:00','空客A321',180,'武汉市','天津市',45),
('MF8864','17:10','4:30:00','空客A300',260,'武汉市','北京市',20),
('MF9400','8:10','3:20:00','空客A300',200,'常州市','广州市',40),
('MF9500','16:40','4:00:00','波音747',200,'武汉市','青岛市',55),
('MF9510','11:10','5:10:00','空客A300',260,'广州市','无锡市',15),
('MF9513','13:10','6:30:00','空客A300',260,'温州市','青岛市',30),
('MF9520','19:40','2:25:00','波音747',200,'武汉市','南京市',25),
('MF9853','12:30','3:30:00','空客321',200,'深圳市','武汉市',40);


insert into FlightProduct(flightProductID,flightProductName)
values('A','经济舱'),('B','商务舱'),('C','头等舱');

insert into FFP(flightProductID,flightID,seatNum,prePrice,prePointPrice,rewardPoint)
values
('A','MF1235',120,520,4500,500),('B','MF1235',60,800,6000,600),('C','MF1235',20,1100,7500,700),
('A','MF2310',120,680,5500,720),('B','MF2310',60,802,6602,900),('C','MF2310',20,1205,8200,1000),
('A','MF2332',180,600,5200,580),('B','MF2332',60,820,6230,650),('C','MF2332',20,1020,7030,950),
('A','MF3456',160,580,4580,450),('B','MF3456',80,685,5300,680),('C','MF3456',20,950,8420,890),
('A','MF3461',120,560,4300,500),('B','MF3461',60,700,5200,720),('C','MF3461',20,1050,7030,880),

('A','MF3780',60,468,4820,582),('B','MF3780',40,720,5030,783),('C','MF3780',20,1020,7200,850),
('A','MF4258',160,380,3890,400),('B','MF4258',80,682,4300,792),('C','MF4258',20,1010,7500,1000),
('A','MF4862',120,680,5430,580),('B','MF4862',60,910,6820,850),('C','MF4862',20,1020,7050,879),
('A','MF6115',120,620,5530,820),('B','MF6115',60,843,7600,1000),('C','MF6115',20,1103,9230,1240),
('A','MF7132',120,820,6530,820),('B','MF7132',60,1002,7600,1000),('C','MF7132',20,1400,9230,1800),
('A','MF7520',120,598,5300,590),('B','MF7520',60,890,6870,800),('C','MF7520',20,923,7600,1020),
('A','MF7843',80,350,3560,349),('B','MF7843',40,458,4800,520),('C','MF7843',30,702,5600,680),
('A','MF8778',100,820,5530,820),('B','MF8778',60,1002,7600,1000),('C','MF8778',20,1400,9230,1800),
('A','MF8864',180,502,4203,480),('B','MF8864',60,720,5230,600),('C','MF8864',20,900,7030,950),
('A','MF9400',120,502,4203,480),('B','MF9400',60,720,5230,600),('C','MF9400',20,900,7030,950),
('A','MF9500',120,450,4203,523),('B','MF9500',60,729,6210,720),('C','MF9500',20,992,7030,902),
('A','MF9510',180,549,4690,450),('B','MF9510',60,690,5700,602),('C','MF9510',20,890,7200,829),
('A','MF9513',160,580,6890,670),('B','MF9513',80,982,7300,892),('C','MF9513',20,1120,8500,1020),
('A','MF9520',120,550,4200,389),('B','MF9520',60,689,5843,630),('C','MF9520',20,983,7304,823);

insert into FlightState(flightStateID,flightStateContext) values(1,'计划'),(2,'到达'),(3,'取消'),(4,'延误');

insert into FoodType(foodTypeID,foodName) values(1,'正餐'),(2,'点心');

insert into ExFlight(flightID,exFlightDate,flightStateID,foodTypeID,totalTime,departTime,arriveTime,onRevise,onRefund)
values
('MF1235','2019-1-20',1,2,'3:30:00','2019-1-20 19:40:00','2019-1-20 23:10:00',1,1),
('MF1235','2019-1-21',1,2,'3:30:00','2019-1-21 19:40:00','2019-1-21 23:10:00',1,1),
('MF2310','2019-1-20',1,2,'2:10:00','2019-1-20 8:40:00','2019-1-20 10:50:00',1,1),
('MF2332','2019-1-21',1,2,'3:30:00','2019-1-21 17:10:00','2019-1-21 20:40:00',1,1),
('MF2332','2019-1-22',1,2,'3:30:00','2019-1-22 17:10:00','2019-1-22 20:40:00',1,1),
('MF3456','2019-1-23',1,2,'2:30:00','2019-1-23 9:10:00','2019-1-23 11:40:00',1,1),
('MF3461','2019-1-22',1,2,'3:25:00','2019-1-22 19:40:00','2019-1-22 23:05:00',1,1),
('MF3461','2019-1-23',1,2,'3:25:00','2019-1-23 19:40:00','2019-1-23 23:05:00',1,1),

('MF1235','2019-1-22',1,2,'3:30:00','2019-1-20 19:40:00','2019-1-20 23:10:00',1,1),
('MF2310','2019-1-21',1,2,'2:10:00','2019-1-21 8:40:00','2019-1-21 10:50:00',1,1),
('MF2332','2019-1-23',1,2,'3:30:00','2019-1-23 17:10:00','2019-1-23 20:40:00',1,1),
('MF3456','2019-1-24',1,2,'2:30:00','2019-1-24 9:10:00','2019-1-24 11:40:00',1,1),
('MF3461','2019-1-24',1,2,'3:25:00','2019-1-24 19:40:00','2019-1-24 23:05:00',1,1);

insert into RuleList(ruleID,ruleContext,reviseTime)values(1,'
1、由于天气、空中交通管制、机务维修、航班调配等原因，BlueSky网站可能会调整原来的航班。包括更改机型或航线、取消、中断、推迟或延期航班飞行。
2、在航班起飞时间2小时前（含2小时）退票，收取未使用航段经济舱全票价（Y）的30%，最高不超过未使用航段的票面价；若在航班起飞时间前2小时内（不含2小时）及航班起飞后办理仅退还机场建设费及燃油附加费。 
3、特价机票当班有效，不得升舱、不得签转、不得变更。
4、在客票的有效期内，误机费是按次收取，即每次误机后如需改期，按已误机航班舱位的限制条件收取相应误机费。 
5、特价机票当班有效，不得升/降舱、不得签转、不得变更。 
6、BlueSky网站于航班起飞前3小时停止对外销售机票。
','2019-01-05');

insert into ExFlightProduct(flightID,exFlightDate,flightProductID,price,pointPrice,leftTicketNum,onSale)values
('MF1235','2019-1-20','A',520,4500,120,1),('MF1235','2019-1-20','B',800,6000,60,1),('MF1235','2019-1-20','C',1100,7500,20,1),
('MF1235','2019-1-21','A',520,4500,120,1),('MF1235','2019-1-21','B',800,6000,60,1),('MF1235','2019-1-21','C',1100,7500,20,1),
('MF2310','2019-1-20','A',680,5500,120,1),('MF2310','2019-1-20','B',802,6602,60,1),('MF2310','2019-1-20','C',1205,8200,20,1),
('MF2332','2019-1-21','A',600,5200,180,1),('MF2332','2019-1-21','B',820,6230,60,1),('MF2332','2019-1-21','C',1020,7030,20,1),
('MF2332','2019-1-22','A',600,5200,180,1),('MF2332','2019-1-22','B',820,6230,60,1),('MF2332','2019-1-22','C',1020,7030,20,1),
('MF3456','2019-1-23','A',580,4580,160,1),('MF3456','2019-1-23','B',685,5300,80,1),('MF3456','2019-1-23','C',950,8420,20,1),
('MF3461','2019-1-22','A',560,4300,120,1),('MF3461','2019-1-22','B',700,5200,60,1),('MF3461','2019-1-22','C',1050,7030,20,1),
('MF3461','2019-1-23','A',560,4300,120,1),('MF3461','2019-1-23','B',700,5200,60,1),('MF3461','2019-1-23','C',1050,7030,20,1),

('MF1235','2019-1-22','A',520,4500,120,1),('MF1235','2019-1-22','B',800,6000,60,1),('MF1235','2019-1-22','C',1100,7500,20,1),
('MF2310','2019-1-21','A',680,5500,120,1),('MF2310','2019-1-21','B',802,6602,60,1),('MF2310','2019-1-21','C',1205,8200,20,1),
('MF2332','2019-1-23','A',600,5200,180,1),('MF2332','2019-1-23','B',820,6230,60,1),('MF2332','2019-1-23','C',1020,7030,20,1),
('MF3456','2019-1-24','A',580,4580,160,1),('MF3456','2019-1-24','B',685,5300,80,1),('MF3456','2019-1-24','C',950,8420,20,1),
('MF3461','2019-1-24','A',560,4300,120,1),('MF3461','2019-1-24','B',700,5200,60,1),('MF3461','2019-1-24','C',1050,7030,20,1);

insert into OrderList(account,orderID,orderTime)values
('13225079670',1,'2019-01-10 12:00:00'),
('13225079670',2,'2019-01-11 12:00:00'),
('13225079670',3,'2019-01-11 12:00:00'),
('13515070051',1,'2019-01-12 10:00:00'),
('13515070051',2,'2019-01-13 10:00:00');

insert into Ticket(account,orderID,ticketID,flightID,exFlightDate,flightProductID,passengerName,
passengerTel,passengerIDCard,insurance,payment,ticketPrice,passengerSex)values
('13225079670',1,'731-01234567-001','MF1235','2019-01-20','A','乘客01','13225079670','360428199901010101',35,1,520,1),
('13225079670',1,'731-01234567-002','MF2310','2019-01-21','A','乘客02','13225079670','360428199901010102',35,1,680,0),
('13225079670',2,'731-01234567-003','MF2332','2019-01-23','B','乘客01','13225079670','360428199901010103',40,1,820,1),
('13225079670',3,'731-01234567-004','MF3456','2019-01-23','C','乘客04','13225079670','360428199901010104',40,1,950,0),
('13225079670',3,'731-01234567-005','MF3461','2019-01-22','C','乘客05','13225079670','360428199901010105',25,1,1050,1),
('13515070051',1,'731-01234567-006','MF1235','2019-01-20','B','乘客07','13515070051','360428199901010106',35,0,800,1),
('13515070051',1,'731-01234567-007','MF2332','2019-01-21','A','乘客08','13515070051','360428199901010107',40,1,600,0),
('13515070051',2,'731-01234567-008','MF3461','2019-01-22','C','乘客09','13515070051','360428199901010108',25,1,1050,1);

insert into Statement(flightID,year,month,ticketNum,income,rate,exNum)values
('MF1235',2018,12,4500,60000,0.956,45),
('MF2310',2018,12,3856,53000,0.914,39),
('MF2332',2018,12,5642,71500,0.974,41),
('MF3456',2018,12,2980,46200,0.897,31),
('MF3461',2018,12,3420,48520,0.923,42);